Date_Key,PM25,Temp,Label
2013년09월_1일,13.1,28.2,0
2013년09월_2일,11.8,26.9,0
2013년09월_3일,9.7,26.8,0
2013년09월_4일,9.6,27.5,0
2013년09월_5일,11.1,24.1,0
2013년09월_6일,13.2,23.1,0
2013년09월_7일,15.0,26.9,0
2013년09월_8일,16.9,27.9,0
2013년09월_9일,19.9,26.5,0
2013년09월_10일,16.8,25.2,0
2013년09월_11일,16.0,20.9,1
2013년09월_12일,11.2,26.3,0
2013년09월_13일,9.2,25.2,0
2013년09월_14일,10.4,25.3,0
2013년09월_15일,12.1,28.2,0
2013년09월_16일,12.0,27.0,0
2013년09월_17일,10.1,29.3,0
2013년09월_18일,10.2,31.1,0
2013년09월_19일,13.2,30.2,0
2013년09월_20일,11.0,28.0,0
2013년09월_21일,11.2,27.8,0
2013년09월_22일,11.5,27.2,0
2013년09월_23일,12.6,29.0,0
2013년09월_24일,13.4,23.9,0
2013년09월_25일,13.2,24.2,0
2013년09월_26일,14.0,22.5,0
2013년09월_27일,12.2,24.0,0
2013년09월_28일,14.2,19.9,1
2013년09월_29일,15.8,19.7,1
2013년09월_30일,16.3,25.5,0
2013년10월_1일,13.0,27.2,0
2013년10월_2일,16.0,22.8,0
2013년10월_3일,10.0,21.3,1
2013년10월_4일,17.0,25.1,0
2013년10월_5일,13.0,28.1,0
2013년10월_6일,7.0,25.7,0
2013년10월_7일,8.0,26.9,0
2013년10월_8일,9.0,21.8,1
2013년10월_9일,10.0,26.4,0
2013년10월_10일,17.0,26.4,0
2013년10월_11일,15.0,20.7,1
2013년10월_12일,11.0,21.5,1
2013년10월_13일,19.0,23.4,0
2013년10월_14일,20.0,24.4,0
2013년10월_15일,13.0,17.4,1
2013년10월_16일,9.0,16.8,1
2013년10월_17일,15.0,18.9,1
2013년10월_18일,16.0,20.2,1
2013년10월_19일,13.0,19.5,1
2013년10월_20일,11.0,22.9,0
2013년10월_21일,8.0,22.2,0
2013년10월_22일,8.0,21.7,1
2013년10월_23일,12.0,22.1,0
2013년10월_24일,17.0,18.5,1
2013년10월_25일,17.0,14.5,1
2013년10월_26일,22.0,15.7,1
2013년10월_27일,27.0,18.0,1
2013년10월_28일,32.0,16.7,1
2013년10월_29일,37.0,16.5,0
2013년10월_30일,16.0,16.2,1
2013년10월_31일,22.0,18.8,1
2013년11월_1일,32.0,20.7,1
2013년11월_2일,30.0,14.9,1
2013년11월_3일,33.0,16.7,1
2013년11월_4일,30.0,17.6,1
2013년11월_5일,33.0,18.5,1
2013년11월_6일,36.0,15.9,0
2013년11월_7일,18.0,15.8,1
2013년11월_8일,12.0,14.5,1
2013년11월_9일,16.0,15.5,1
2013년11월_10일,8.0,10.4,0
2013년11월_11일,11.0,7.5,0
2013년11월_12일,11.0,8.5,0
2013년11월_13일,20.0,11.4,0
2013년11월_14일,27.0,9.9,0
2013년11월_15일,39.0,12.4,0
2013년11월_16일,41.0,12.0,0
2013년11월_17일,11.0,7.6,0
2013년11월_18일,8.0,4.2,0
2013년11월_19일,12.0,3.8,0
2013년11월_20일,11.0,5.9,0
2013년11월_21일,14.0,7.3,0
2013년11월_22일,34.0,10.5,0
2013년11월_23일,57.0,12.5,0
2013년11월_24일,53.0,10.6,0
2013년11월_25일,9.0,10.2,0
2013년11월_26일,12.0,5.8,0
2013년11월_27일,12.0,4.7,0
2013년11월_28일,11.0,-0.9,0
2013년11월_29일,14.0,4.8,0
2013년11월_30일,23.0,10.6,0
2014년09월_1일,18.0,29.7,0
2014년09월_2일,11.0,27.7,0
2014년09월_3일,4.0,20.6,1
2014년09월_4일,9.0,27.6,0
2014년09월_5일,15.0,29.0,0
2014년09월_6일,20.0,30.8,0
2014년09월_7일,27.0,31.3,0
2014년09월_8일,31.0,30.2,0
2014년09월_9일,34.0,28.2,0
2014년09월_10일,14.0,28.9,0
2014년09월_11일,20.0,29.2,0
2014년09월_12일,21.0,26.6,0
2014년09월_13일,12.0,28.3,0
2014년09월_14일,8.0,28.4,0
2014년09월_15일,20.0,27.5,0
2014년09월_16일,13.0,27.0,0
2014년09월_17일,18.0,22.6,0
2014년09월_18일,10.0,27.0,0
2014년09월_19일,13.0,28.4,0
2014년09월_20일,17.0,28.1,0
2014년09월_21일,17.0,25.6,0
2014년09월_22일,16.0,27.9,0
2014년09월_23일,13.0,29.0,0
2014년09월_24일,10.0,23.8,0
2014년09월_25일,12.0,27.7,0
2014년09월_26일,14.0,24.2,0
2014년09월_27일,16.0,25.1,0
2014년09월_28일,24.0,24.7,0
2014년09월_29일,25.0,20.7,1
2014년09월_30일,10.0,23.7,0
2014년10월_1일,13.0,24.4,0
2014년10월_2일,18.0,20.1,1
2014년10월_3일,14.0,20.8,1
2014년10월_4일,10.0,23.0,0
2014년10월_5일,9.0,23.2,0
2014년10월_6일,10.0,22.6,0
2014년10월_7일,16.0,22.5,0
2014년10월_8일,19.0,23.6,0
2014년10월_9일,24.0,25.4,0
2014년10월_10일,21.0,26.3,0
2014년10월_11일,16.0,25.6,0
2014년10월_12일,16.0,29.0,0
2014년10월_13일,9.0,21.7,1
2014년10월_14일,10.0,20.0,1
2014년10월_15일,17.0,20.0,1
2014년10월_16일,15.0,18.0,1
2014년10월_17일,14.0,21.2,1
2014년10월_18일,18.0,22.5,0
2014년10월_19일,30.0,22.7,0
2014년10월_20일,20.0,17.1,1
2014년10월_21일,8.0,15.7,1
2014년10월_22일,10.0,18.7,1
2014년10월_23일,16.0,20.6,1
2014년10월_24일,23.0,21.0,1
2014년10월_25일,25.0,22.2,0
2014년10월_26일,20.0,19.9,1
2014년10월_27일,14.0,16.9,1
2014년10월_28일,24.0,19.4,1
2014년10월_29일,30.0,20.8,1
2014년10월_30일,34.0,20.8,1
2014년10월_31일,24.0,18.2,1
2014년11월_1일,21.0,22.9,0
2014년11월_2일,29.0,15.4,1
2014년11월_3일,12.0,14.8,1
2014년11월_4일,13.0,18.5,1
2014년11월_5일,17.0,18.4,1
2014년11월_6일,27.0,17.7,1
2014년11월_7일,19.0,16.5,1
2014년11월_8일,29.0,15.1,1
2014년11월_9일,26.0,15.5,1
2014년11월_10일,27.0,16.5,1
2014년11월_11일,37.0,14.5,0
2014년11월_12일,15.0,10.0,0
2014년11월_13일,9.0,4.3,0
2014년11월_14일,14.0,10.0,0
2014년11월_15일,16.0,9.5,0
2014년11월_16일,23.0,12.4,0
2014년11월_17일,20.0,9.0,0
2014년11월_18일,21.0,10.4,0
2014년11월_19일,30.0,12.6,0
2014년11월_20일,34.0,14.6,1
2014년11월_21일,32.0,16.5,1
2014년11월_22일,25.0,12.7,0
2014년11월_23일,34.0,12.3,0
2014년11월_24일,35.0,13.2,0
2014년11월_25일,17.0,15.1,1
2014년11월_26일,16.0,16.3,1
2014년11월_27일,25.0,14.9,1
2014년11월_28일,16.0,10.1,0
2014년11월_29일,11.0,12.8,0
2014년11월_30일,9.0,11.1,0
2015년09월_1일,16.0,30.7,0
2015년09월_2일,16.0,27.7,0
2015년09월_3일,15.0,28.2,0
2015년09월_4일,20.0,30.7,0
2015년09월_5일,19.0,23.6,0
2015년09월_6일,7.0,26.2,0
2015년09월_7일,7.0,28.7,0
2015년09월_8일,7.0,28.9,0
2015년09월_9일,8.0,30.1,0
2015년09월_10일,13.0,28.4,0
2015년09월_11일,21.0,24.4,0
2015년09월_12일,11.0,24.0,0
2015년09월_13일,10.0,26.0,0
2015년09월_14일,17.0,27.8,0
2015년09월_15일,14.0,28.7,0
2015년09월_16일,8.0,26.7,0
2015년09월_17일,6.0,27.6,0
2015년09월_18일,11.0,29.2,0
2015년09월_19일,16.0,29.0,0
2015년09월_20일,30.0,28.3,0
2015년09월_21일,30.0,29.4,0
2015년09월_22일,25.0,31.0,0
2015년09월_23일,25.0,26.1,0
2015년09월_24일,22.0,30.6,0
2015년09월_25일,22.0,29.8,0
2015년09월_26일,28.0,28.0,0
2015년09월_27일,15.0,29.8,0
2015년09월_28일,14.0,28.3,0
2015년09월_29일,10.0,28.2,0
2015년09월_30일,8.0,26.2,0
2015년10월_1일,8.0,19.7,1
2015년10월_2일,10.0,21.5,1
2015년10월_3일,17.0,24.5,0
2015년10월_4일,12.0,22.4,0
2015년10월_5일,14.0,25.6,0
2015년10월_6일,16.0,26.3,0
2015년10월_7일,23.0,25.7,0
2015년10월_8일,27.0,26.4,0
2015년10월_9일,11.0,20.5,1
2015년10월_10일,11.0,17.2,1
2015년10월_11일,9.0,14.4,1
2015년10월_12일,10.0,17.9,1
2015년10월_13일,16.0,21.3,1
2015년10월_14일,26.0,24.5,0
2015년10월_15일,36.0,26.1,0
2015년10월_16일,43.0,24.2,0
2015년10월_17일,34.0,26.6,0
2015년10월_18일,48.0,24.2,0
2015년10월_19일,62.0,23.9,0
2015년10월_20일,57.0,25.1,0
2015년10월_21일,70.0,22.7,0
2015년10월_22일,48.0,23.1,0
2015년10월_23일,29.0,21.4,1
2015년10월_24일,21.0,22.0,1
2015년10월_25일,16.0,22.8,0
2015년10월_26일,16.0,18.7,1
2015년10월_27일,13.0,15.9,1
2015년10월_28일,13.0,15.8,1
2015년10월_29일,12.0,14.7,1
2015년10월_30일,10.0,10.4,0
2015년10월_31일,16.0,12.3,0
2015년11월_1일,24.0,12.6,0
2015년11월_2일,29.0,15.2,1
2015년11월_3일,42.0,18.7,0
2015년11월_4일,55.0,19.8,0
2015년11월_5일,52.0,19.2,0
2015년11월_6일,32.0,19.2,1
2015년11월_7일,8.0,11.7,0
2015년11월_8일,3.0,11.8,0
2015년11월_9일,8.0,12.1,0
2015년11월_10일,31.0,13.5,0
2015년11월_11일,26.0,17.7,1
2015년11월_12일,10.0,21.0,1
2015년11월_13일,8.0,13.1,0
2015년11월_14일,8.0,14.2,1
2015년11월_15일,12.0,17.2,1
2015년11월_16일,17.0,14.0,1
2015년11월_17일,12.0,19.3,1
2015년11월_18일,6.0,12.6,0
2015년11월_19일,8.0,10.8,0
2015년11월_20일,22.0,14.4,1
2015년11월_21일,33.0,15.4,1
2015년11월_22일,20.0,15.7,1
2015년11월_23일,5.0,11.0,0
2015년11월_24일,15.0,8.8,0
2015년11월_25일,9.0,5.3,0
2015년11월_26일,24.0,0.9,0
2015년11월_27일,26.0,2.0,0
2015년11월_28일,28.0,2.6,0
2015년11월_29일,29.0,3.9,0
2015년11월_30일,29.0,8.5,0
2016년09월_1일,33.0,28.6,0
2016년09월_2일,23.0,29.0,0
2016년09월_3일,13.0,28.6,0
2016년09월_4일,13.0,29.6,0
2016년09월_5일,17.0,31.1,0
2016년09월_6일,35.0,29.0,0
2016년09월_7일,51.0,28.6,0
2016년09월_8일,30.0,26.5,0
2016년09월_9일,27.0,29.3,0
2016년09월_10일,27.0,29.1,0
2016년09월_11일,27.0,28.2,0
2016년09월_12일,18.0,27.5,0
2016년09월_13일,10.0,30.8,0
2016년09월_14일,21.0,28.9,0
2016년09월_15일,27.0,29.5,0
2016년09월_16일,35.0,29.5,0
2016년09월_17일,20.0,28.2,0
2016년09월_18일,13.0,28.3,0
2016년09월_19일,5.0,27.8,0
2016년09월_20일,10.0,26.8,0
2016년09월_21일,22.0,25.3,0
2016년09월_22일,26.0,27.2,0
2016년09월_23일,33.0,27.9,0
2016년09월_24일,41.0,28.9,0
2016년09월_25일,36.0,29.7,0
2016년09월_26일,29.0,28.9,0
2016년09월_27일,23.0,23.8,0
2016년09월_28일,21.0,21.8,1
2016년09월_29일,6.0,24.8,0
2016년09월_30일,14.0,23.5,0
2016년10월_1일,26.0,25.6,0
2016년10월_2일,17.0,22.4,0
2016년10월_3일,9.0,27.9,0
2016년10월_4일,15.0,29.0,0
2016년10월_5일,13.0,27.2,0
2016년10월_6일,18.0,23.5,0
2016년10월_7일,12.0,24.8,0
2016년10월_8일,10.0,21.8,1
2016년10월_9일,9.0,16.6,1
2016년10월_10일,11.0,21.4,1
2016년10월_11일,22.0,21.1,1
2016년10월_12일,29.0,20.7,1
2016년10월_13일,20.0,21.9,1
2016년10월_14일,41.0,23.5,0
2016년10월_15일,49.0,27.1,0
2016년10월_16일,36.0,19.5,0
2016년10월_17일,32.0,21.7,1
2016년10월_18일,29.0,24.0,0
2016년10월_19일,36.0,24.3,0
2016년10월_20일,37.0,25.8,0
2016년10월_21일,12.0,22.0,1
2016년10월_22일,15.0,22.8,0
2016년10월_23일,6.0,17.8,1
2016년10월_24일,7.0,20.6,1
2016년10월_25일,9.0,17.5,1
2016년10월_26일,21.0,16.3,1
2016년10월_27일,22.0,20.9,1
2016년10월_28일,17.0,18.4,1
2016년10월_29일,16.0,11.2,0
2016년10월_30일,12.0,15.1,1
2016년10월_31일,15.0,8.2,0
2016년11월_1일,10.0,6.6,0
2016년11월_2일,16.0,10.5,0
2016년11월_3일,23.0,14.1,1
2016년11월_4일,33.0,15.7,1
2016년11월_5일,44.0,18.1,0
2016년11월_6일,19.0,18.3,1
2016년11월_7일,23.0,17.8,1
2016년11월_8일,49.0,8.4,0
2016년11월_9일,27.0,8.6,0
2016년11월_10일,26.0,9.8,0
2016년11월_11일,22.0,14.2,1
2016년11월_12일,31.0,16.7,1
2016년11월_13일,30.0,18.1,1
2016년11월_14일,29.0,15.8,1
2016년11월_15일,20.0,10.2,0
2016년11월_16일,27.0,12.0,0
2016년11월_17일,39.0,16.5,0
2016년11월_18일,54.0,14.6,0
2016년11월_19일,34.0,18.6,1
2016년11월_20일,24.0,15.3,1
2016년11월_21일,29.0,14.6,1
2016년11월_22일,18.0,8.4,0
2016년11월_23일,15.0,3.6,0
2016년11월_24일,13.0,2.4,0
2016년11월_25일,21.0,6.0,0
2016년11월_26일,36.0,2.7,0
2016년11월_27일,48.0,6.6,0
2016년11월_28일,39.0,5.6,0
2016년11월_29일,23.0,8.6,0
2016년11월_30일,27.0,9.8,0
2017년09월_1일,12.0,29.7,0
2017년09월_2일,15.0,29.6,0
2017년09월_3일,20.0,29.2,0
2017년09월_4일,18.0,30.1,0
2017년09월_5일,13.0,23.7,0
2017년09월_6일,17.0,24.0,0
2017년09월_7일,25.0,27.5,0
2017년09월_8일,33.0,29.9,0
2017년09월_9일,40.0,28.2,0
2017년09월_10일,36.0,26.1,0
2017년09월_11일,16.0,24.6,0
2017년09월_12일,13.0,27.9,0
2017년09월_13일,10.0,27.5,0
2017년09월_14일,12.0,29.5,0
2017년09월_15일,8.0,27.9,0
2017년09월_16일,5.0,27.6,0
2017년09월_17일,5.0,29.2,0
2017년09월_18일,10.0,27.6,0
2017년09월_19일,40.0,25.8,0
2017년09월_20일,10.0,24.9,0
2017년09월_21일,15.0,27.0,0
2017년09월_22일,19.0,26.8,0
2017년09월_23일,25.0,27.3,0
2017년09월_24일,37.0,27.9,0
2017년09월_25일,26.0,30.1,0
2017년09월_26일,26.0,31.4,0
2017년09월_27일,23.0,27.3,0
2017년09월_28일,8.0,25.3,0
2017년09월_29일,9.0,23.5,0
2017년09월_30일,18.0,25.9,0
2017년10월_1일,20.0,21.2,1
2017년10월_2일,10.0,29.4,0
2017년10월_3일,11.0,23.6,0
2017년10월_4일,9.0,24.3,0
2017년10월_5일,7.0,23.4,0
2017년10월_6일,7.0,23.3,0
2017년10월_7일,6.0,28.8,0
2017년10월_8일,13.0,28.7,0
2017년10월_9일,17.0,27.6,0
2017년10월_10일,18.0,24.8,0
2017년10월_11일,7.0,21.7,1
2017년10월_12일,11.0,,0
2017년10월_13일,15.0,18.9,1
2017년10월_14일,12.0,20.5,1
2017년10월_15일,11.0,23.0,0
2017년10월_16일,16.0,22.0,1
2017년10월_17일,20.0,23.9,0
2017년10월_18일,13.0,19.1,1
2017년10월_19일,10.0,23.2,0
2017년10월_20일,16.0,24.2,0
2017년10월_21일,21.0,25.2,0
2017년10월_22일,13.0,23.5,0
2017년10월_23일,10.0,20.6,1
2017년10월_24일,15.0,20.9,1
2017년10월_25일,22.0,20.6,1
2017년10월_26일,28.0,18.1,1
2017년10월_27일,34.0,24.2,0
2017년10월_28일,27.0,24.8,0
2017년10월_29일,22.0,17.2,1
2017년10월_30일,13.0,13.2,0
2017년10월_31일,14.0,16.0,1
2017년11월_1일,20.0,18.1,1
2017년11월_2일,26.0,18.0,1
2017년11월_3일,26.0,16.6,1
2017년11월_4일,40.0,13.7,0
2017년11월_5일,27.0,15.4,1
2017년11월_6일,20.0,16.5,1
2017년11월_7일,25.0,18.4,1
2017년11월_8일,29.0,17.2,1
2017년11월_9일,24.0,16.8,1
2017년11월_10일,21.0,15.9,1
2017년11월_11일,13.0,10.7,0
2017년11월_12일,18.0,11.4,0
2017년11월_13일,24.0,11.8,0
2017년11월_14일,17.0,11.4,0
2017년11월_15일,11.0,6.5,0
2017년11월_16일,14.0,6.4,0
2017년11월_17일,24.0,5.8,0
2017년11월_18일,22.0,2.6,0
2017년11월_19일,12.0,3.5,0
2017년11월_20일,22.0,4.2,0
2017년11월_21일,31.0,8.1,0
2017년11월_22일,30.0,10.8,0
2017년11월_23일,11.0,4.7,0
2017년11월_24일,12.0,2.9,0
2017년11월_25일,16.0,7.3,0
2017년11월_26일,23.0,7.6,0
2017년11월_27일,29.0,9.5,0
2017년11월_28일,46.0,11.2,0
2017년11월_29일,25.0,8.1,0
2017년11월_30일,9.0,2.7,0
2018년09월_1일,9.0,30.9,0
2018년09월_2일,6.0,29.6,0
2018년09월_3일,8.0,25.8,0
2018년09월_4일,8.0,27.8,0
2018년09월_5일,10.0,28.5,0
2018년09월_6일,18.0,28.2,0
2018년09월_7일,12.0,25.5,0
2018년09월_8일,10.0,27.7,0
2018년09월_9일,10.0,28.9,0
2018년09월_10일,5.0,28.4,0
2018년09월_11일,5.0,26.1,0
2018년09월_12일,7.0,28.2,0
2018년09월_13일,9.0,28.3,0
2018년09월_14일,9.0,26.8,0
2018년09월_15일,7.0,26.0,0
2018년09월_16일,25.0,23.9,0
2018년09월_17일,15.0,27.7,0
2018년09월_18일,17.0,26.5,0
2018년09월_19일,19.0,26.6,0
2018년09월_20일,9.0,20.1,1
2018년09월_21일,4.0,21.9,1
2018년09월_22일,11.0,25.5,0
2018년09월_23일,10.0,25.3,0
2018년09월_24일,6.0,22.1,0
2018년09월_25일,7.0,24.3,0
2018년09월_26일,4.0,24.8,0
2018년09월_27일,4.0,25.0,0
2018년09월_28일,6.0,22.2,0
2018년09월_29일,8.0,27.0,0
2018년09월_30일,10.0,21.6,1
2018년10월_1일,8.0,19.7,1
2018년10월_2일,13.0,22.0,1
2018년10월_3일,15.0,24.2,0
2018년10월_4일,11.0,25.6,0
2018년10월_5일,5.0,19.0,1
2018년10월_6일,3.0,21.7,1
2018년10월_7일,10.0,21.1,1
2018년10월_8일,8.0,20.9,1
2018년10월_9일,11.0,19.8,1
2018년10월_10일,10.0,16.7,1
2018년10월_11일,7.0,13.9,0
2018년10월_12일,12.0,17.4,1
2018년10월_13일,21.0,19.8,1
2018년10월_14일,22.0,20.3,1
2018년10월_15일,37.0,21.0,0
2018년10월_16일,26.0,20.3,1
2018년10월_17일,16.0,18.6,1
2018년10월_18일,7.0,19.0,1
2018년10월_19일,9.0,20.4,1
2018년10월_20일,20.0,21.4,1
2018년10월_21일,22.0,21.1,1
2018년10월_22일,33.0,20.6,1
2018년10월_23일,30.0,16.9,1
2018년10월_24일,18.0,18.7,1
2018년10월_25일,19.0,21.2,1
2018년10월_26일,19.0,14.7,1
2018년10월_27일,6.0,11.6,0
2018년10월_28일,8.0,13.5,0
2018년10월_29일,7.0,11.7,0
2018년10월_30일,10.0,11.6,0
2018년10월_31일,12.0,12.6,0
2018년11월_1일,19.0,15.2,1
2018년11월_2일,26.0,19.0,1
2018년11월_3일,35.0,19.1,1
2018년11월_4일,30.0,19.4,1
2018년11월_5일,39.0,18.3,0
2018년11월_6일,71.0,17.5,0
2018년11월_7일,45.0,15.7,0
2018년11월_8일,5.0,14.7,1
2018년11월_9일,24.0,15.4,1
2018년11월_10일,46.0,17.1,0
2018년11월_11일,41.0,10.9,0
2018년11월_12일,17.0,15.1,1
2018년11월_13일,24.0,15.4,1
2018년11월_14일,22.0,16.6,1
2018년11월_15일,33.0,16.2,1
2018년11월_16일,39.0,14.5,0
2018년11월_17일,17.0,11.4,0
2018년11월_18일,22.0,10.7,0
2018년11월_19일,31.0,11.3,0
2018년11월_20일,18.0,12.7,0
2018년11월_21일,17.0,8.2,0
2018년11월_22일,9.0,7.1,0
2018년11월_23일,11.0,7.6,0
2018년11월_24일,15.0,3.8,0
2018년11월_25일,34.0,9.8,0
2018년11월_26일,42.0,13.6,0
2018년11월_27일,52.0,12.5,0
2018년11월_28일,21.0,11.1,0
2018년11월_29일,21.0,6.7,0
2018년11월_30일,22.0,8.0,0
2019년09월_1일,12.0,27.8,0
2019년09월_2일,14.0,29.7,0
2019년09월_3일,13.0,28.0,0
2019년09월_4일,5.0,25.5,0
2019년09월_5일,5.0,27.6,0
2019년09월_6일,9.0,29.1,0
2019년09월_7일,6.0,29.5,0
2019년09월_8일,22.0,27.3,0
2019년09월_9일,25.0,28.0,0
2019년09월_10일,9.0,26.5,0
2019년09월_11일,5.0,28.7,0
2019년09월_12일,5.0,22.9,0
2019년09월_13일,6.0,29.3,0
2019년09월_14일,12.0,24.1,0
2019년09월_15일,11.0,30.0,0
2019년09월_16일,6.0,30.5,0
2019년09월_17일,9.0,29.0,0
2019년09월_18일,12.0,25.4,0
2019년09월_19일,10.0,26.0,0
2019년09월_20일,10.0,24.2,0
2019년09월_21일,7.0,22.1,0
2019년09월_22일,3.0,19.6,1
2019년09월_23일,6.0,24.6,0
2019년09월_24일,12.0,26.5,0
2019년09월_25일,16.0,27.4,0
2019년09월_26일,16.0,29.0,0
2019년09월_27일,12.0,27.0,0
2019년09월_28일,17.0,29.2,0
2019년09월_29일,25.0,28.6,0
2019년09월_30일,33.0,29.9,0
2019년10월_1일,31.0,28.2,0
2019년10월_2일,16.0,24.2,0
2019년10월_3일,5.0,27.3,0
2019년10월_4일,16.0,27.8,0
2019년10월_5일,21.0,21.9,1
2019년10월_6일,5.0,22.7,0
2019년10월_7일,6.0,17.9,1
2019년10월_8일,10.0,19.8,1
2019년10월_9일,9.0,20.4,1
2019년10월_10일,15.0,19.8,1
2019년10월_11일,19.0,26.1,0
2019년10월_12일,11.0,23.3,0
2019년10월_13일,9.0,23.8,0
2019년10월_14일,16.0,19.6,1
2019년10월_15일,8.0,20.4,1
2019년10월_16일,14.0,20.8,1
2019년10월_17일,16.0,21.6,1
2019년10월_18일,9.0,22.7,0
2019년10월_19일,11.0,23.1,0
2019년10월_20일,23.0,22.9,0
2019년10월_21일,26.0,24.6,0
2019년10월_22일,24.0,24.4,0
2019년10월_23일,14.0,20.7,1
2019년10월_24일,16.0,23.8,0
2019년10월_25일,12.0,22.0,1
2019년10월_26일,13.0,14.9,1
2019년10월_27일,14.0,17.4,1
2019년10월_28일,19.0,17.7,1
2019년10월_29일,20.0,17.6,1
2019년10월_30일,11.0,17.7,1
2019년10월_31일,25.0,19.7,1
2019년11월_1일,34.0,20.5,1
2019년11월_2일,40.0,18.7,0
2019년11월_3일,33.0,22.1,0
2019년11월_4일,7.0,20.3,1
2019년11월_5일,20.0,18.4,1
2019년11월_6일,30.0,16.5,1
2019년11월_7일,23.0,13.6,0
2019년11월_8일,18.0,13.0,0
2019년11월_9일,22.0,17.2,1
2019년11월_10일,25.0,15.3,1
2019년11월_11일,15.0,15.1,1
2019년11월_12일,22.0,14.5,1
2019년11월_13일,21.0,11.3,0
2019년11월_14일,6.0,5.0,0
2019년11월_15일,13.0,7.6,0
2019년11월_16일,21.0,12.7,0
2019년11월_17일,16.0,10.5,0
2019년11월_18일,11.0,12.7,0
2019년11월_19일,9.0,4.0,0
2019년11월_20일,10.0,6.3,0
2019년11월_21일,18.0,9.0,0
2019년11월_22일,22.0,17.3,1
2019년11월_23일,19.0,17.7,1
2019년11월_24일,20.0,15.6,1
2019년11월_25일,14.0,6.0,0
2019년11월_26일,16.0,13.7,0
2019년11월_27일,22.0,6.8,0
2019년11월_28일,20.0,10.4,0
2019년11월_29일,23.0,6.9,0
2019년11월_30일,28.0,9.3,0
2020년09월_1일,8.0,29.5,0
2020년09월_2일,8.0,26.4,0
2020년09월_3일,5.0,25.6,0
2020년09월_4일,11.0,27.5,0
2020년09월_5일,19.0,27.3,0
2020년09월_6일,15.0,24.4,0
2020년09월_7일,3.0,20.6,1
2020년09월_8일,11.0,26.5,0
2020년09월_9일,18.0,25.3,0
2020년09월_10일,17.0,27.0,0
2020년09월_11일,17.0,27.1,0
2020년09월_12일,6.0,23.2,0
2020년09월_13일,3.0,26.6,0
2020년09월_14일,13.0,24.9,0
2020년09월_15일,23.0,27.7,0
2020년09월_16일,17.0,24.9,0
2020년09월_17일,9.0,23.6,0
2020년09월_18일,7.0,25.8,0
2020년09월_19일,9.0,26.2,0
2020년09월_20일,10.0,24.9,0
2020년09월_21일,13.0,25.3,0
2020년09월_22일,8.0,25.6,0
2020년09월_23일,3.0,23.8,0
2020년09월_24일,3.0,25.4,0
2020년09월_25일,5.0,25.4,0
2020년09월_26일,6.0,24.8,0
2020년09월_27일,7.0,25.8,0
2020년09월_28일,12.0,26.5,0
2020년09월_29일,17.0,23.9,0
2020년09월_30일,19.0,25.7,0
2020년10월_1일,10.0,23.6,0
2020년10월_2일,15.0,21.9,1
2020년10월_3일,20.0,23.2,0
2020년10월_4일,14.0,21.8,1
2020년10월_5일,8.0,18.4,1
2020년10월_6일,10.0,19.7,1
2020년10월_7일,10.0,22.0,1
2020년10월_8일,7.0,23.1,0
2020년10월_9일,7.0,23.3,0
2020년10월_10일,9.0,21.5,1
2020년10월_11일,12.0,20.8,1
2020년10월_12일,18.0,21.3,1
2020년10월_13일,10.0,18.4,1
2020년10월_14일,13.0,18.0,1
2020년10월_15일,12.0,18.5,1
2020년10월_16일,17.0,15.4,1
2020년10월_17일,18.0,18.6,1
2020년10월_18일,16.0,20.2,1
2020년10월_19일,31.0,21.3,1
2020년10월_20일,38.0,21.7,0
2020년10월_21일,25.0,17.3,1
2020년10월_22일,30.0,18.2,1
2020년10월_23일,9.0,13.3,0
2020년10월_24일,10.0,14.0,1
2020년10월_25일,15.0,18.2,1
2020년10월_26일,28.0,19.0,1
2020년10월_27일,47.0,19.4,0
2020년10월_28일,27.0,18.2,1
2020년10월_29일,14.0,16.1,1
2020년10월_30일,19.0,19.6,1
2020년10월_31일,14.0,18.2,1
2020년11월_1일,24.0,15.0,1
2020년11월_2일,18.0,15.6,1
2020년11월_3일,7.0,8.6,0
2020년11월_4일,10.0,10.8,0
2020년11월_5일,17.0,15.9,1
2020년11월_6일,26.0,17.2,1
2020년11월_7일,39.0,18.1,0
2020년11월_8일,16.0,12.4,0
2020년11월_9일,8.0,8.9,0
2020년11월_10일,11.0,12.9,0
2020년11월_11일,20.0,16.5,1
2020년11월_12일,39.0,17.7,0
2020년11월_13일,49.0,17.6,0
2020년11월_14일,47.0,19.3,0
2020년11월_15일,52.0,14.9,0
2020년11월_16일,45.0,18.3,0
2020년11월_17일,42.0,20.0,0
2020년11월_18일,28.0,18.7,1
2020년11월_19일,10.0,19.1,1
2020년11월_20일,13.0,7.0,0
2020년11월_21일,18.0,12.8,0
2020년11월_22일,18.0,9.1,0
2020년11월_23일,15.0,5.9,0
2020년11월_24일,15.0,6.4,0
2020년11월_25일,23.0,9.5,0
2020년11월_26일,38.0,10.9,0
2020년11월_27일,28.0,7.7,0
2020년11월_28일,13.0,2.8,0
2020년11월_29일,14.0,2.6,0
2020년11월_30일,15.0,4.3,0
2021년09월_1일,2.0,23.9,0
2021년09월_2일,4.0,26.7,0
2021년09월_3일,5.0,29.2,0
2021년09월_4일,3.0,28.6,0
2021년09월_5일,4.0,27.3,0
2021년09월_6일,7.0,26.4,0
2021년09월_7일,4.0,20.9,1
2021년09월_8일,3.0,26.9,0
2021년09월_9일,14.0,29.1,0
2021년09월_10일,19.0,28.9,0
2021년09월_11일,20.0,29.4,0
2021년09월_12일,12.0,29.8,0
2021년09월_13일,14.0,30.3,0
2021년09월_14일,10.0,29.5,0
2021년09월_15일,5.0,28.9,0
2021년09월_16일,4.0,27.3,0
2021년09월_17일,4.0,28.2,0
2021년09월_18일,4.0,29.8,0
2021년09월_19일,6.0,27.8,0
2021년09월_20일,5.0,28.4,0
2021년09월_21일,9.0,26.2,0
2021년09월_22일,5.0,24.3,0
2021년09월_23일,7.0,25.9,0
2021년09월_24일,8.0,26.9,0
2021년09월_25일,3.0,23.1,0
2021년09월_26일,2.0,27.3,0
2021년09월_27일,4.0,25.0,0
2021년09월_28일,5.0,24.4,0
2021년09월_29일,7.0,21.4,1
2021년09월_30일,10.0,25.9,0
2021년10월_1일,18.0,27.5,0
2021년10월_2일,12.0,26.6,0
2021년10월_3일,22.0,28.8,0
2021년10월_4일,18.0,25.6,0
2021년10월_5일,14.0,26.5,0
2021년10월_6일,2.0,21.7,1
2021년10월_7일,5.0,21.9,1
2021년10월_8일,11.0,20.0,1
2021년10월_9일,5.0,24.1,0
2021년10월_10일,11.0,24.3,0
2021년10월_11일,9.0,17.8,1
2021년10월_12일,3.0,21.3,1
2021년10월_13일,4.0,25.2,0
2021년10월_14일,9.0,23.9,0
2021년10월_15일,13.0,21.4,1
2021년10월_16일,8.0,18.1,1
2021년10월_17일,5.0,10.8,0
2021년10월_18일,9.0,16.1,1
2021년10월_19일,17.0,15.0,1
2021년10월_20일,15.0,15.8,1
2021년10월_21일,18.0,16.2,1
2021년10월_22일,20.0,17.2,1
2021년10월_23일,21.0,18.4,1
2021년10월_24일,18.0,18.1,1
2021년10월_25일,16.0,17.6,1
2021년10월_26일,24.0,19.0,1
2021년10월_27일,28.0,18.1,1
2021년10월_28일,12.0,20.0,1
2021년10월_29일,9.0,20.6,1
2021년10월_30일,11.0,18.0,1
2021년10월_31일,18.0,20.3,1
2021년11월_1일,21.0,16.9,1
2021년11월_2일,25.0,16.9,1
2021년11월_3일,27.0,17.1,1
2021년11월_4일,35.0,16.3,1
2021년11월_5일,41.0,20.2,0
2021년11월_6일,33.0,21.3,1
2021년11월_7일,19.0,21.3,1
2021년11월_8일,4.0,15.5,1
2021년11월_9일,5.0,6.5,0
2021년11월_10일,7.0,7.7,0
2021년11월_11일,7.0,9.7,0
2021년11월_12일,8.0,8.6,0
2021년11월_13일,11.0,13.4,0
2021년11월_14일,27.0,16.4,1
2021년11월_15일,26.0,15.7,1
2021년11월_16일,24.0,13.6,0
2021년11월_17일,19.0,12.5,0
2021년11월_18일,29.0,16.2,1
2021년11월_19일,59.0,16.7,0
2021년11월_20일,96.0,15.6,0
2021년11월_21일,88.0,13.1,0
2021년11월_22일,15.0,7.5,0
2021년11월_23일,10.0,2.3,0
2021년11월_24일,12.0,9.1,0
2021년11월_25일,19.0,9.9,0
2021년11월_26일,12.0,7.2,0
2021년11월_27일,21.0,10.1,0
2021년11월_28일,31.0,12.4,0
2021년11월_29일,37.0,13.7,0
2021년11월_30일,16.0,8.9,0
2022년09월_1일,8.0,30.4,0
2022년09월_2일,7.0,29.8,0
2022년09월_3일,5.0,29.2,0
2022년09월_4일,4.0,24.0,0
2022년09월_5일,2.0,22.7,0
2022년09월_6일,4.0,26.3,0
2022년09월_7일,13.0,28.1,0
2022년09월_8일,13.0,29.5,0
2022년09월_9일,10.0,30.8,0
2022년09월_10일,5.0,28.4,0
2022년09월_11일,11.0,26.4,0
2022년09월_12일,12.0,27.5,0
2022년09월_13일,14.0,26.4,0
2022년09월_14일,8.0,27.9,0
2022년09월_15일,9.0,28.3,0
2022년09월_16일,11.0,29.9,0
2022년09월_17일,13.0,29.4,0
2022년09월_18일,13.0,32.5,0
2022년09월_19일,7.0,29.6,0
2022년09월_20일,6.0,24.6,0
2022년09월_21일,10.0,25.6,0
2022년09월_22일,9.0,24.7,0
2022년09월_23일,10.0,22.2,0
2022년09월_24일,7.0,24.2,0
2022년09월_25일,10.0,25.2,0
2022년09월_26일,12.0,25.4,0
2022년09월_27일,14.0,28.0,0
2022년09월_28일,17.0,26.1,0
2022년09월_29일,42.0,26.5,0
2022년09월_30일,35.0,27.7,0
2022년10월_1일,39.0,27.6,0
2022년10월_2일,23.0,21.6,1
2022년10월_3일,10.0,23.4,0
2022년10월_4일,5.0,23.0,0
2022년10월_5일,7.0,21.6,1
2022년10월_6일,3.0,19.1,1
2022년10월_7일,4.0,18.6,1
2022년10월_8일,4.0,21.6,1
2022년10월_9일,4.0,14.5,1
2022년10월_10일,3.0,11.9,0
2022년10월_11일,8.0,16.4,1
2022년10월_12일,12.0,20.6,1
2022년10월_13일,10.0,22.7,0
2022년10월_14일,14.0,23.0,0
2022년10월_15일,19.0,24.4,0
2022년10월_16일,24.0,20.5,1
2022년10월_17일,10.0,15.1,1
2022년10월_18일,9.0,14.2,1
2022년10월_19일,10.0,16.8,1
2022년10월_20일,17.0,19.7,1
2022년10월_21일,32.0,20.9,1
2022년10월_22일,33.0,20.8,1
2022년10월_23일,19.0,18.6,1
2022년10월_24일,11.0,14.8,1
2022년10월_25일,7.0,17.6,1
2022년10월_26일,7.0,17.8,1
2022년10월_27일,17.0,18.9,1
2022년10월_28일,23.0,20.6,1
2022년10월_29일,16.0,21.3,1
2022년10월_30일,16.0,21.3,1
2022년10월_31일,14.0,21.1,1
2022년11월_1일,30.0,17.8,1
2022년11월_2일,13.0,17.9,1
2022년11월_3일,14.0,13.4,0
2022년11월_4일,8.0,9.8,0
2022년11월_5일,12.0,13.6,0
2022년11월_6일,14.0,16.4,1
2022년11월_7일,19.0,16.6,1
2022년11월_8일,30.0,17.9,1
2022년11월_9일,49.0,16.0,0
2022년11월_10일,59.0,19.1,0
2022년11월_11일,36.0,22.1,0
2022년11월_12일,32.0,22.0,1
2022년11월_13일,11.0,17.3,1
2022년11월_14일,15.0,13.8,0
2022년11월_15일,16.0,12.3,0
2022년11월_16일,20.0,13.0,0
2022년11월_17일,20.0,16.6,1
2022년11월_18일,26.0,18.1,1
2022년11월_19일,18.0,19.2,1
2022년11월_20일,18.0,20.2,1
2022년11월_21일,25.0,16.2,1
2022년11월_22일,36.0,13.7,0
2022년11월_23일,26.0,15.2,1
2022년11월_24일,30.0,14.1,1
2022년11월_25일,36.0,17.8,0
2022년11월_26일,18.0,12.9,0
2022년11월_27일,10.0,11.5,0
2022년11월_28일,13.0,15.0,1
2022년11월_29일,10.0,15.0,1
2022년11월_30일,6.0,-1.6,0
2023년09월_1일,14.0,29.6,0
2023년09월_2일,17.0,30.8,0
2023년09월_3일,11.0,28.8,0
2023년09월_4일,9.0,30.2,0
2023년09월_5일,8.0,32.8,0
2023년09월_6일,9.0,32.1,0
2023년09월_7일,10.0,31.6,0
2023년09월_8일,8.0,30.5,0
2023년09월_9일,16.0,31.2,0
2023년09월_10일,22.0,29.6,0
2023년09월_11일,19.0,29.8,0
2023년09월_12일,16.0,29.8,0
2023년09월_13일,14.0,24.6,0
2023년09월_14일,3.0,27.2,0
2023년09월_15일,4.0,24.3,0
2023년09월_16일,5.0,26.6,0
2023년09월_17일,10.0,28.0,0
2023년09월_18일,11.0,28.9,0
2023년09월_19일,16.0,27.2,0
2023년09월_20일,15.0,23.9,0
2023년09월_21일,4.0,23.6,0
2023년09월_22일,9.0,26.7,0
2023년09월_23일,10.0,27.6,0
2023년09월_24일,4.0,26.2,0
2023년09월_25일,4.0,26.0,0
2023년09월_26일,3.0,20.8,1
2023년09월_27일,4.0,23.7,0
2023년09월_28일,32.0,27.3,0
2023년09월_29일,19.0,26.9,0
2023년09월_30일,12.0,22.2,0
2023년10월_1일,9.0,23.7,0
2023년10월_2일,8.0,24.6,0
2023년10월_3일,11.0,22.5,0
2023년10월_4일,13.0,23.2,0
2023년10월_5일,6.0,19.2,1
2023년10월_6일,9.0,21.5,1
2023년10월_7일,11.0,21.2,1
2023년10월_8일,5.0,19.5,1
2023년10월_9일,5.0,22.4,0
2023년10월_10일,10.0,23.5,0
2023년10월_11일,14.0,24.0,0
2023년10월_12일,16.0,24.1,0
2023년10월_13일,21.0,21.5,1
2023년10월_14일,20.0,18.2,1
2023년10월_15일,16.0,21.2,1
2023년10월_16일,18.0,19.6,1
2023년10월_17일,13.0,20.9,1
2023년10월_18일,17.0,21.6,1
2023년10월_19일,18.0,18.9,1
2023년10월_20일,6.0,15.1,1
2023년10월_21일,7.0,16.6,1
2023년10월_22일,10.0,18.7,1
2023년10월_23일,16.0,21.4,1
2023년10월_24일,21.0,19.3,1
2023년10월_25일,23.0,21.9,1
2023년10월_26일,33.0,21.1,1
2023년10월_27일,16.0,20.2,1
2023년10월_28일,19.0,20.7,1
2023년10월_29일,17.0,21.8,1
2023년10월_30일,25.0,21.9,1
2023년10월_31일,30.0,20.8,1
2023년11월_1일,25.0,20.6,1
2023년11월_2일,19.0,25.9,0
2023년11월_3일,15.0,22.4,0
2023년11월_4일,18.0,20.9,1
2023년11월_5일,9.0,20.4,1
2023년11월_6일,7.0,19.3,1
2023년11월_7일,7.0,9.9,0
2023년11월_8일,12.0,16.1,1
2023년11월_9일,17.0,18.4,1
2023년11월_10일,9.0,9.1,0
2023년11월_11일,10.0,6.7,0
2023년11월_12일,11.0,5.7,0
2023년11월_13일,14.0,6.7,0
2023년11월_14일,15.0,10.8,0
2023년11월_15일,29.0,12.5,0
2023년11월_16일,34.0,7.4,0
2023년11월_17일,9.0,5.9,0
2023년11월_18일,14.0,5.7,0
2023년11월_19일,24.0,13.4,0
2023년11월_20일,18.0,12.8,0
2023년11월_21일,22.0,14.8,1
2023년11월_22일,27.0,15.1,1
2023년11월_23일,48.0,14.6,0
2023년11월_24일,8.0,2.2,0
2023년11월_25일,9.0,4.0,0
2023년11월_26일,15.0,7.2,0
2023년11월_27일,25.0,9.3,0
2023년11월_28일,18.0,5.2,0
2023년11월_29일,8.0,3.0,0
2023년11월_30일,7.0,-0.5,0
2024년09월_1일,20.0,31.6,0
2024년09월_2일,12.0,26.9,0
2024년09월_3일,5.0,32.0,0
2024년09월_4일,10.0,33.3,0
2024년09월_5일,13.0,28.8,0
2024년09월_6일,8.0,25.7,0
2024년09월_7일,14.0,31.3,0
2024년09월_8일,22.0,32.8,0
2024년09월_9일,20.0,34.1,0
2024년09월_10일,21.0,33.9,0
2024년09월_11일,22.0,34.6,0
2024년09월_12일,6.0,27.1,0
2024년09월_13일,7.0,28.0,0
2024년09월_14일,6.0,32.2,0
2024년09월_15일,6.0,32.4,0
2024년09월_16일,3.0,32.2,0
2024년09월_17일,6.0,33.2,0
2024년09월_18일,10.0,33.6,0
2024년09월_19일,13.0,32.6,0
2024년09월_20일,7.0,28.6,0
2024년09월_21일,1.0,21.9,1
2024년09월_22일,2.0,26.7,0
2024년09월_23일,3.0,26.1,0
2024년09월_24일,5.0,26.9,0
2024년09월_25일,8.0,27.3,0
2024년09월_26일,10.0,28.0,0
2024년09월_27일,9.0,28.0,0
2024년09월_28일,5.0,27.9,0
2024년09월_29일,4.0,29.0,0
2024년09월_30일,6.0,28.5,0
2024년10월_1일,7.0,21.7,1
2024년10월_2일,6.0,19.9,1
2024년10월_3일,7.0,22.5,0
2024년10월_4일,7.0,24.2,0
2024년10월_5일,12.0,24.4,0
2024년10월_6일,13.0,17.9,1
2024년10월_7일,23.0,20.7,1
2024년10월_8일,23.0,23.9,0
2024년10월_9일,6.0,24.4,0
2024년10월_10일,10.0,24.1,0
2024년10월_11일,22.0,24.4,0
2024년10월_12일,24.0,24.7,0
2024년10월_13일,17.0,22.6,0
2024년10월_14일,10.0,21.5,1
2024년10월_15일,13.0,21.9,1
2024년10월_16일,23.0,24.2,0
2024년10월_17일,22.0,25.7,0
2024년10월_18일,12.0,18.8,1
2024년10월_19일,3.0,21.1,1
2024년10월_20일,4.0,17.8,1
2024년10월_21일,5.0,19.3,1
2024년10월_22일,6.0,16.6,1
2024년10월_23일,7.0,15.5,1
2024년10월_24일,16.0,18.4,1
2024년10월_25일,15.0,21.5,1
2024년10월_26일,12.0,24.0,0
2024년10월_27일,16.0,18.8,1
2024년10월_28일,22.0,20.4,1
2024년10월_29일,7.0,18.3,1
2024년10월_30일,16.0,21.4,1
2024년10월_31일,20.0,22.6,0
2024년11월_1일,24.0,18.7,1
2024년11월_2일,20.0,25.1,0
2024년11월_3일,15.0,23.5,0
2024년11월_4일,13.0,18.3,1
2024년11월_5일,10.0,14.7,1
2024년11월_6일,12.0,12.5,0
2024년11월_7일,23.0,15.7,1
2024년11월_8일,22.0,18.1,1
2024년11월_9일,19.0,20.3,1
2024년11월_10일,15.0,21.0,1
2024년11월_11일,31.0,21.8,1
2024년11월_12일,24.0,19.2,1
2024년11월_13일,21.0,21.3,1
2024년11월_14일,17.0,16.8,1
2024년11월_15일,16.0,21.5,1
2024년11월_16일,13.0,22.6,0
2024년11월_17일,9.0,14.4,1
2024년11월_18일,7.0,7.9,0
2024년11월_19일,12.0,11.3,0
2024년11월_20일,24.0,9.6,0
2024년11월_21일,36.0,14.1,0
2024년11월_22일,19.0,10.6,0
2024년11월_23일,14.0,12.6,0
2024년11월_24일,11.0,14.2,1
2024년11월_25일,12.0,15.4,1
2024년11월_26일,5.0,12.7,0
2024년11월_27일,6.0,1.2,0
2024년11월_28일,12.0,3.4,0
2024년11월_29일,18.0,3.4,0
2024년11월_30일,16.0,5.6,0
2025년09월_1일,5.0,28.2,0
2025년09월_2일,9.0,30.6,0
2025년09월_3일,12.0,32.1,0
2025년09월_4일,5.0,29.8,0
2025년09월_5일,8.0,33.0,0
2025년09월_6일,10.0,30.4,0
2025년09월_7일,8.0,28.3,0
2025년09월_8일,13.0,29.5,0
2025년09월_9일,17.0,26.9,0
2025년09월_10일,13.0,31.5,0
2025년09월_11일,9.0,31.7,0
2025년09월_12일,8.0,26.3,0
2025년09월_13일,2.0,27.6,0
2025년09월_14일,6.0,29.3,0
2025년09월_15일,11.0,30.7,0
2025년09월_16일,12.0,27.1,0
2025년09월_17일,6.0,24.0,0
2025년09월_18일,4.0,26.0,0
2025년09월_19일,5.0,21.4,1
2025년09월_20일,3.0,23.6,0
2025년09월_21일,3.0,27.3,0
2025년09월_22일,5.0,25.1,0
2025년09월_23일,6.0,26.8,0
2025년09월_24일,6.0,23.7,0
2025년09월_25일,9.0,26.4,0
2025년09월_26일,18.0,27.1,0
2025년09월_27일,16.0,27.2,0
2025년09월_28일,10.0,21.9,1
2025년09월_29일,17.0,23.9,0
2025년09월_30일,21.0,24.0,0
2025년10월_1일,20.0,25.6,0
2025년10월_2일,17.0,25.8,0
2025년10월_3일,16.0,22.3,0
2025년10월_4일,5.0,25.0,0
2025년10월_5일,5.0,22.3,0
2025년10월_6일,2.0,20.7,1
2025년10월_7일,2.0,20.0,1
2025년10월_8일,4.0,28.0,0
2025년10월_9일,5.0,22.6,0
2025년10월_10일,3.0,17.7,1
2025년10월_11일,5.0,23.8,0
2025년10월_12일,2.0,21.4,1
2025년10월_13일,2.0,18.3,1
2025년10월_14일,2.0,20.9,1
2025년10월_15일,3.0,25.3,0
2025년10월_16일,3.0,24.8,0
2025년10월_17일,5.0,24.8,0
2025년10월_18일,8.0,18.6,1
2025년10월_19일,9.0,19.2,1
2025년10월_20일,11.0,16.5,1
2025년10월_21일,13.0,14.1,1
2025년10월_22일,9.0,18.6,1
2025년10월_23일,5.0,19.6,1
2025년10월_24일,4.0,21.5,1
2025년10월_25일,11.0,17.7,1
2025년10월_26일,24.0,13.9,0
2025년10월_27일,11.0,12.2,0
2025년10월_28일,9.0,14.4,1
2025년10월_29일,15.0,18.3,1
2025년10월_30일,22.0,18.2,1
2025년10월_31일,23.0,20.7,1
2025년11월_1일,14.0,17.7,1
2025년11월_2일,9.0,11.7,0
2025년11월_3일,12.0,14.7,1
2025년11월_4일,18.0,16.3,1
2025년11월_5일,22.0,19.0,1
2025년11월_6일,33.0,18.8,1
2025년11월_7일,33.0,19.9,1
2025년11월_8일,17.0,17.0,1
2025년11월_9일,20.0,17.6,1
2025년11월_10일,7.0,12.7,0
2025년11월_11일,10.0,15.1,1
2025년11월_12일,18.0,17.7,1
2025년11월_13일,26.0,17.6,1
2025년11월_14일,15.0,15.1,1
2025년11월_15일,20.0,17.5,1
2025년11월_16일,24.0,18.7,1
2025년11월_17일,11.0,9.7,0
2025년11월_18일,11.0,6.5,0
2025년11월_19일,15.0,8.6,0
2025년11월_20일,21.0,14.6,1
2025년11월_21일,10.0,12.5,0
2025년11월_22일,23.0,15.1,1
2025년11월_23일,30.0,14.4,1
2025년11월_24일,53.0,16.8,0
2025년11월_25일,62.0,9.6,0
2025년11월_26일,33.0,10.9,0
2025년11월_27일,21.0,8.7,0
2025년11월_28일,14.0,7.0,0
2025년11월_29일,16.0,9.3,0
2025년11월_30일,29.0,16.1,1
